-- 사용자
INSERT INTO users (
    id,
    naver_id,
    naver_name,
    applied,
    created_at,
    updated_at
) VALUES
      (
          1,
          'naver_1001',
          '김민수',
          true,
          NOW(),
          NOW()
      ),
      (
          2,
          'naver_1002',
          '박지연',
          false,
          NOW(),
          NOW()
      ),
      (3, 'naver_1003', '이준호', true, NOW(), NOW()),
      (4, 'naver_1004', '최수아', true, NOW(), NOW()),
      (5, 'naver_1005', '정다운', true, NOW(), NOW()),
      (6, 'naver_1006', '한소희', true, NOW(), NOW()),
      (7, 'naver_1007', '오민재', true, NOW(), NOW()),
      (8, 'naver_1008', '윤서연', true, NOW(), NOW()),
      (9, 'naver_1009', '강태양', true, NOW(), NOW()),
      (10, 'naver_1010', '임나라', true, NOW(), NOW()),
      (11, 'naver_1011', '신동현', true, NOW(), NOW()),
      (12, 'naver_1012', '황보람', true, NOW(), NOW()),
      (13, 'naver_1013', '백승우', true, NOW(), NOW()),
      (14, 'naver_1014', '전미래', true, NOW(), NOW()),
      (15, 'naver_1015', '남궁철', true, NOW(), NOW()),
      (16, 'naver_1016', '류하늘', true, NOW(), NOW()),
      (17, 'naver_1017', '문정호', true, NOW(), NOW()),
      (18, 'naver_1018', '배소영', true, NOW(), NOW()),
      (19, 'naver_1019', '서진우', true, NOW(), NOW()),
      (20, 'naver_1020', '안채원', true, NOW(), NOW()),
      (21, 'naver_1021', '조민기', true, NOW(), NOW()),
      (22, 'naver_1022', '홍가을', true, NOW(), NOW());
-- 관리자
INSERT INTO admins (
    id,
    login_id,
    admin_name,
    password,
    created_at,
    updated_at
) VALUES
    (
        1,
        'admin',
        '황관리자',
        'admin1234',
        NOW(),
        NOW()
    );

-- 지원서
 INSERT INTO applications (
     id,
     user_id,
     user_name,
     birth_date,
     phone_number,
     application_number,
     farm_name,
     affiliated_nh_name,
     zipcode,
     street_address,
     detail_address,
     business_registration_number,
     main_product,
     annual_sales,
     online_distribution_experience,
     product_category,
     shipping_date,
     funding_desired_date,
     product_name,
     product_size,
     selling_price,
     available_quantity,
     funding_plan,
     created_at,
     updated_at
 ) VALUES
       (
           1,
           1,
           '김민수',
           '19950312',
           '010-1234-5678',
           'APP-2026-0001',
           '햇살농장',
           '서울농협',
           '12345',
           '경기도 남양주시 와부읍',
           '101호',
           '123-45-67890',
           '사과',
           50000000,
           true,
           '과일',
           '2026-06-01',
           '2026-06',
           '프리미엄 사과 세트',
           '5kg',
           35000,
           300,
           '스마트 저장시설 구축 및 온라인 판매 확대 예정',
           '2026-05-01 09:00:00',
           '2026-05-01 09:00:00'
       ),
       (
           2,
           2,
           '박지연',
           '19920821',
           '010-9876-5432',
           'APP-2026-0002',
           '푸른채소농장',
           '부산농협',
           '46721',
           '부산광역시 강서구 녹산동',
           '202호',
           '987-65-43210',
           '상추',
           30000000,
           false,
           '채소',
           '2026-07-10',
           '2026-07',
           '친환경 채소 박스',
           '3kg',
           22000,
           150,
           '친환경 포장재 도입 예정',
           '2026-05-02 10:30:00',
           '2026-05-02 10:30:00'
       ),
       (3,  3,  '이준호', '19880517', '010-1111-2222', 'APP-2026-0003', '초록들판농장',   '대구농협', '41234', '대구광역시 달서구 상인동',        '301호',  '111-22-33333', '배',     45000000, true,  '과일', '2026-06-15', '2026-06', '신선 배 선물세트',      '7kg',  42000, 200, '냉장 유통망 구축 예정',         '2026-05-03 08:15:00', '2026-05-03 08:15:00'),
       (4,  4,  '최수아', '19901203', '010-2222-3333', 'APP-2026-0004', '수아딸기농장',   '인천농협', '21501', '인천광역시 서구 검단동',          '402호',  '222-33-44444', '딸기',   60000000, true,  '과일', '2026-05-20', '2026-05', '프리미엄 딸기 박스',    '2kg',  28000, 500, '스마트팜 시설 확대 계획',       '2026-05-04 14:00:00', '2026-05-04 14:00:00'),
       (5,  5,  '정다운', '19850929', '010-3333-4444', 'APP-2026-0005', '다운포도농원',   '광주농협', '61234', '광주광역시 북구 문흥동',          '501호',  '333-44-55555', '포도',   80000000, false, '과일', '2026-08-01', '2026-08', '샤인머스캣 세트',       '4kg',  55000, 150, '친환경 인증 취득 예정',         '2026-05-05 11:20:00', '2026-05-05 11:20:00'),
       (6,  6,  '한소희', '19930714', '010-4444-5555', 'APP-2026-0006', '소희고구마밭',   '전주농협', '54321', '전라북도 전주시 완산구',          '601호',  '444-55-66666', '고구마', 25000000, false, '채소', '2026-09-10', '2026-09', '꿀고구마 박스',         '5kg',  18000, 400, '직거래 판매망 확대 계획',       '2026-05-06 09:45:00', '2026-05-06 09:45:00'),
       (7,  7,  '오민재', '19780322', '010-5555-6666', 'APP-2026-0007', '민재토마토농장', '울산농협', '44234', '울산광역시 울주군 온산읍',        '701호',  '555-66-77777', '토마토', 35000000, true,  '채소', '2026-06-20', '2026-06', '방울토마토 세트',       '3kg',  15000, 600, '온라인 쇼핑몰 입점 예정',       '2026-05-07 13:30:00', '2026-05-07 13:30:00'),
       (8,  8,  '윤서연', '19960811', '010-6666-7777', 'APP-2026-0008', '서연블루베리농원','춘천농협', '24234', '강원도 춘천시 동면',             '801호',  '666-77-88888', '블루베리',55000000, true,  '과일', '2026-07-15', '2026-07', '유기농 블루베리 세트',  '1kg',  32000, 250, '냉동 가공 라인 도입 예정',      '2026-05-08 10:00:00', '2026-05-08 10:00:00'),
       (9,  9,  '강태양', '19820605', '010-7777-8888', 'APP-2026-0009', '태양감자농장',   '강릉농협', '25234', '강원도 강릉시 성산면',           '901호',  '777-88-99999', '감자',   20000000, false, '채소', '2026-08-20', '2026-08', '강원도 감자 박스',      '10kg', 25000, 300, '로컬푸드 직매장 입점 예정',     '2026-05-09 15:10:00', '2026-05-09 15:10:00'),
       (10, 10, '임나라', '19910418', '010-8888-9999', 'APP-2026-0010', '나라마늘농장',   '의성농협', '37234', '경상북도 의성군 의성읍',          '1001호', '888-99-00000', '마늘',   30000000, false, '채소', '2026-09-01', '2026-09', '의성 마늘 세트',        '3kg',  22000, 350, '가공식품 개발 예정',            '2026-05-10 08:30:00', '2026-05-10 08:30:00'),
       (11, 11, '신동현', '19870226', '010-9999-0000', 'APP-2026-0011', '동현참외농장',   '성주농협', '67234', '경상북도 성주군 성주읍',          '1101호', '101-01-11111', '참외',   48000000, true,  '과일', '2026-06-10', '2026-06', '성주 참외 선물세트',    '5kg',  38000, 200, '스마트 물류 시스템 도입 예정',  '2026-05-11 11:00:00', '2026-05-11 11:00:00'),
       (12, 12, '황보람', '19941107', '010-0101-1212', 'APP-2026-0012', '보람오이농장',   '청주농협', '28234', '충청북도 청주시 청원구',          '1201호', '102-02-22222', '오이',   18000000, false, '채소', '2026-07-01', '2026-07', '청오이 박스',           '5kg',  12000, 500, '직배송 서비스 구축 예정',       '2026-05-12 16:20:00', '2026-05-12 16:20:00'),
       (13, 13, '백승우', '19800913', '010-1212-2323', 'APP-2026-0013', '승우수박농장',   '함안농협', '52234', '경상남도 함안군 함안읍',          '1301호', '103-03-33333', '수박',   70000000, true,  '과일', '2026-07-20', '2026-07', '함안 수박 세트',        '8kg',  45000, 100, '브랜드 마케팅 강화 예정',       '2026-05-13 09:50:00', '2026-05-13 09:50:00'),
       (14, 14, '전미래', '19891025', '010-2323-3434', 'APP-2026-0014', '미래버섯농장',   '익산농협', '54234', '전라북도 익산시 왕궁면',          '1401호', '104-04-44444', '버섯',   40000000, true,  '채소', '2026-06-25', '2026-06', '표고버섯 선물세트',     '2kg',  30000, 300, '스마트팜 자동화 설비 도입',     '2026-05-14 14:40:00', '2026-05-14 14:40:00'),
       (15, 15, '남궁철', '19760319', '010-3434-4545', 'APP-2026-0015', '남궁배추농장',   '해남농협', '59234', '전라남도 해남군 해남읍',          '1501호', '105-05-55555', '배추',   22000000, false, '채소', '2026-10-01', '2026-10', '절임배추 박스',         '20kg', 55000, 200, '김장철 특수 마케팅 계획',       '2026-05-15 10:15:00', '2026-05-15 10:15:00'),
       (16, 16, '류하늘', '19920708', '010-4545-5656', 'APP-2026-0016', '하늘양파농장',   '창녕농협', '50234', '경상남도 창녕군 창녕읍',          '1601호', '106-06-66666', '양파',   28000000, false, '채소', '2026-06-05', '2026-06', '창녕 양파 박스',        '10kg', 20000, 400, '저장창고 시설 확충 예정',       '2026-05-16 07:30:00', '2026-05-16 07:30:00'),
       (17, 17, '문정호', '19841214', '010-5656-6767', 'APP-2026-0017', '정호단감농원',   '진주농협', '52134', '경상남도 진주시 명석면',          '1701호', '107-07-77777', '단감',   42000000, true,  '과일', '2026-10-15', '2026-10', '진주 단감 선물세트',    '5kg',  35000, 250, '온라인 판로 개척 계획',         '2026-05-17 13:00:00', '2026-05-17 13:00:00'),
       (18, 18, '배소영', '19970502', '010-6767-7878', 'APP-2026-0018', '소영파프리카농장','음성농협', '27234', '충청북도 음성군 음성읍',          '1801호', '108-08-88888', '파프리카',52000000, true,  '채소', '2026-07-05', '2026-07', '파프리카 혼합 세트',    '2kg',  18000, 450, '수출 판로 개척 예정',           '2026-05-17 15:45:00', '2026-05-17 15:45:00'),
       (19, 19, '서진우', '19881130', '010-7878-8989', 'APP-2026-0019', '진우복숭아농원', '음성농협', '27134', '충청북도 충주시 산척면',          '1901호', '109-09-99999', '복숭아', 65000000, true,  '과일', '2026-07-25', '2026-07', '충주 복숭아 선물세트',  '4kg',  48000, 180, '직거래 택배 서비스 확대',       '2026-05-18 09:20:00', '2026-05-18 09:20:00'),
       (20, 20, '안채원', '19951016', '010-8989-9090', 'APP-2026-0020', '채원브로콜리농장','제주농협', '63234', '제주특별자치도 제주시 한림읍',    '2001호', '110-10-10101', '브로콜리',33000000, false, '채소', '2026-06-30', '2026-06', '제주 브로콜리 박스',    '3kg',  16000, 350, '친환경 재배 인증 추진',         '2026-05-18 11:30:00', '2026-05-18 11:30:00'),
       (21, 21, '조민기', '19830427', '010-9090-0101', 'APP-2026-0021', '민기메론농장',   '이천농협', '17234', '경기도 이천시 부발읍',            '2101호', '111-11-11111', '메론',   75000000, true,  '과일', '2026-08-10', '2026-08', '이천 메론 선물세트',    '3kg',  60000, 120, '프리미엄 브랜드 구축 계획',     '2026-05-19 08:00:00', '2026-05-19 08:00:00'),
       (22, 22, '홍가을', '19990901', '010-0102-0203', 'APP-2026-0022', '가을시금치농장', '포항농협', '37134', '경상북도 포항시 남구 구룡포읍',   '2201호', '112-12-22222', '시금치', 15000000, false, '채소', '2026-11-01', '2026-11', '포항 시금치 박스',      '2kg',  10000, 600, '학교급식 납품 계획',            '2026-05-19 10:00:00', '2026-05-19 10:00:00');
 -- 선정업체
 INSERT INTO projects (
     id,
     application_id,
     farm_name,
     product_category,
     thumbnail_image_url,
     description,
     project_status,
     happy_bean_url,
     created_at,
     updated_at
 ) VALUES
       (
           1,
           1,
           '햇살농장',
           '과일',
           'https://example.com/images/apple-farm.jpg',
           '친환경 재배 방식으로 생산한 고품질 사과 농장입니다.',
           'IN_PROGRESS',
           'https://happybean.naver.com/donations/H000000001',
           NOW(),
           NOW()
       ),
       (
           2,
           2,
           '푸른채소농장',
           '채소',
           NULL,
           '지역 농산물을 기반으로 운영하는 스마트팜입니다.',
           'BEFORE_PROGRESS',
           NULL,
           NOW(),
           NOW()
       );